91_1.jpg,1
91_2.jpg,1
91_3.jpg,1
91_4.jpg,1
91_5.jpg,1
91_6.jpg,1
91_7.jpg,1
91_8.jpg,1
91_9.jpg,1
91_10.jpg,1
91_11.jpg,1
91_12.jpg,1
91_13.jpg,1
91_14.jpg,1
91_15.jpg,1
32_1.jpg,2
32_2.jpg,2
32_3.jpg,2
32_4.jpg,2
32_5.jpg,2
32_6.jpg,2
32_7.jpg,2
32_8.jpg,2
32_9.jpg,2
32_10.jpg,2
32_11.jpg,2
32_12.jpg,2
32_13.jpg,2
32_14.jpg,2
32_15.jpg,2
60_1.jpg,3
60_2.jpg,3
60_3.jpg,3
60_4.jpg,3
60_5.jpg,3
60_6.jpg,3
60_7.jpg,3
60_8.jpg,3
60_9.jpg,3
60_10.jpg,3
60_11.jpg,3
60_12.jpg,3
60_13.jpg,3
60_14.jpg,3
60_15.jpg,3
18_1.jpg,4
18_2.jpg,4
18_3.jpg,4
18_4.jpg,4
18_5.jpg,4
18_6.jpg,4
18_7.jpg,4
18_8.jpg,4
18_9.jpg,4
18_10.jpg,4
18_11.jpg,4
18_12.jpg,4
18_13.jpg,4
18_14.jpg,4
18_15.jpg,4
30_1.jpg,5
30_2.jpg,5
30_3.jpg,5
30_4.jpg,5
30_5.jpg,5
30_6.jpg,5
30_7.jpg,5
30_8.jpg,5
30_9.jpg,5
30_10.jpg,5
30_11.jpg,5
30_12.jpg,5
30_13.jpg,5
30_14.jpg,5
30_15.jpg,5
94_1.jpg,6
94_2.jpg,6
94_3.jpg,6
94_4.jpg,6
94_5.jpg,6
94_6.jpg,6
94_7.jpg,6
94_8.jpg,6
94_9.jpg,6
94_10.jpg,6
94_11.jpg,6
94_12.jpg,6
94_13.jpg,6
94_14.jpg,6
94_15.jpg,6
6_1.jpg,7
6_2.jpg,7
6_3.jpg,7
6_4.jpg,7
6_5.jpg,7
6_6.jpg,7
6_7.jpg,7
6_8.jpg,7
6_9.jpg,7
6_10.jpg,7
6_11.jpg,7
6_12.jpg,7
6_13.jpg,7
6_14.jpg,7
6_15.jpg,7
78_1.jpg,8
78_2.jpg,8
78_3.jpg,8
78_4.jpg,8
78_5.jpg,8
78_6.jpg,8
78_7.jpg,8
78_8.jpg,8
78_9.jpg,8
78_10.jpg,8
78_11.jpg,8
78_12.jpg,8
78_13.jpg,8
78_14.jpg,8
78_15.jpg,8
10_1.jpg,9
10_2.jpg,9
10_3.jpg,9
10_4.jpg,9
10_5.jpg,9
10_6.jpg,9
10_7.jpg,9
10_8.jpg,9
10_9.jpg,9
10_10.jpg,9
10_11.jpg,9
10_12.jpg,9
10_13.jpg,9
10_14.jpg,9
10_15.jpg,9
25_1.jpg,10
25_2.jpg,10
25_3.jpg,10
25_4.jpg,10
25_5.jpg,10
25_6.jpg,10
25_7.jpg,10
25_8.jpg,10
25_9.jpg,10
25_10.jpg,10
25_11.jpg,10
25_12.jpg,10
25_13.jpg,10
25_14.jpg,10
25_15.jpg,10
36_1.jpg,11
36_2.jpg,11
36_3.jpg,11
36_4.jpg,11
36_5.jpg,11
36_6.jpg,11
36_7.jpg,11
36_8.jpg,11
36_9.jpg,11
36_10.jpg,11
36_11.jpg,11
36_12.jpg,11
36_13.jpg,11
36_14.jpg,11
36_15.jpg,11
74_1.jpg,12
74_2.jpg,12
74_3.jpg,12
74_4.jpg,12
74_5.jpg,12
74_6.jpg,12
74_7.jpg,12
74_8.jpg,12
74_9.jpg,12
74_10.jpg,12
74_11.jpg,12
74_12.jpg,12
74_13.jpg,12
74_14.jpg,12
74_15.jpg,12
81_1.jpg,13
81_2.jpg,13
81_3.jpg,13
81_4.jpg,13
81_5.jpg,13
81_6.jpg,13
81_7.jpg,13
81_8.jpg,13
81_9.jpg,13
81_10.jpg,13
81_11.jpg,13
81_12.jpg,13
81_13.jpg,13
81_14.jpg,13
81_15.jpg,13
73_1.jpg,14
73_2.jpg,14
73_3.jpg,14
73_4.jpg,14
73_5.jpg,14
73_6.jpg,14
73_7.jpg,14
73_8.jpg,14
73_9.jpg,14
73_10.jpg,14
73_11.jpg,14
73_12.jpg,14
73_13.jpg,14
73_14.jpg,14
73_15.jpg,14
85_1.jpg,15
85_2.jpg,15
85_3.jpg,15
85_4.jpg,15
85_5.jpg,15
85_6.jpg,15
85_7.jpg,15
85_8.jpg,15
85_9.jpg,15
85_10.jpg,15
85_11.jpg,15
85_12.jpg,15
85_13.jpg,15
85_14.jpg,15
85_15.jpg,15
11_1.jpg,16
11_2.jpg,16
11_3.jpg,16
11_4.jpg,16
11_5.jpg,16
11_6.jpg,16
11_7.jpg,16
11_8.jpg,16
11_9.jpg,16
11_10.jpg,16
11_11.jpg,16
11_12.jpg,16
11_13.jpg,16
11_14.jpg,16
11_15.jpg,16
54_1.jpg,17
54_2.jpg,17
54_3.jpg,17
54_4.jpg,17
54_5.jpg,17
54_6.jpg,17
54_7.jpg,17
54_8.jpg,17
54_9.jpg,17
54_10.jpg,17
54_11.jpg,17
54_12.jpg,17
54_13.jpg,17
54_14.jpg,17
54_15.jpg,17
31_1.jpg,18
31_2.jpg,18
31_3.jpg,18
31_4.jpg,18
31_5.jpg,18
31_6.jpg,18
31_7.jpg,18
31_8.jpg,18
31_9.jpg,18
31_10.jpg,18
31_11.jpg,18
31_12.jpg,18
31_13.jpg,18
31_14.jpg,18
31_15.jpg,18
5_1.jpg,19
5_2.jpg,19
5_3.jpg,19
5_4.jpg,19
5_5.jpg,19
5_6.jpg,19
5_7.jpg,19
5_8.jpg,19
5_9.jpg,19
5_10.jpg,19
5_11.jpg,19
5_12.jpg,19
5_13.jpg,19
5_14.jpg,19
5_15.jpg,19
59_1.jpg,20
59_2.jpg,20
59_3.jpg,20
59_4.jpg,20
59_5.jpg,20
59_6.jpg,20
59_7.jpg,20
59_8.jpg,20
59_9.jpg,20
59_10.jpg,20
59_11.jpg,20
59_12.jpg,20
59_13.jpg,20
59_14.jpg,20
59_15.jpg,20
50_1.jpg,21
50_2.jpg,21
50_3.jpg,21
50_4.jpg,21
50_5.jpg,21
50_6.jpg,21
50_7.jpg,21
50_8.jpg,21
50_9.jpg,21
50_10.jpg,21
50_11.jpg,21
50_12.jpg,21
50_13.jpg,21
50_14.jpg,21
50_15.jpg,21
97_1.jpg,22
97_2.jpg,22
97_3.jpg,22
97_4.jpg,22
97_5.jpg,22
97_6.jpg,22
97_7.jpg,22
97_8.jpg,22
97_9.jpg,22
97_10.jpg,22
97_11.jpg,22
97_12.jpg,22
97_13.jpg,22
97_14.jpg,22
97_15.jpg,22
4_1.jpg,23
4_2.jpg,23
4_3.jpg,23
4_4.jpg,23
4_5.jpg,23
4_6.jpg,23
4_7.jpg,23
4_8.jpg,23
4_9.jpg,23
4_10.jpg,23
4_11.jpg,23
4_12.jpg,23
4_13.jpg,23
4_14.jpg,23
4_15.jpg,23
67_1.jpg,24
67_2.jpg,24
67_3.jpg,24
67_4.jpg,24
67_5.jpg,24
67_6.jpg,24
67_7.jpg,24
67_8.jpg,24
67_9.jpg,24
67_10.jpg,24
67_11.jpg,24
67_12.jpg,24
67_13.jpg,24
67_14.jpg,24
67_15.jpg,24
27_1.jpg,25
27_2.jpg,25
27_3.jpg,25
27_4.jpg,25
27_5.jpg,25
27_6.jpg,25
27_7.jpg,25
27_8.jpg,25
27_9.jpg,25
27_10.jpg,25
27_11.jpg,25
27_12.jpg,25
27_13.jpg,25
27_14.jpg,25
27_15.jpg,25
41_1.jpg,26
41_2.jpg,26
41_3.jpg,26
41_4.jpg,26
41_5.jpg,26
41_6.jpg,26
41_7.jpg,26
41_8.jpg,26
41_9.jpg,26
41_10.jpg,26
41_11.jpg,26
41_12.jpg,26
41_13.jpg,26
41_14.jpg,26
41_15.jpg,26
21_1.jpg,27
21_2.jpg,27
21_3.jpg,27
21_4.jpg,27
21_5.jpg,27
21_6.jpg,27
21_7.jpg,27
21_8.jpg,27
21_9.jpg,27
21_10.jpg,27
21_11.jpg,27
21_12.jpg,27
21_13.jpg,27
21_14.jpg,27
21_15.jpg,27
20_1.jpg,28
20_2.jpg,28
20_3.jpg,28
20_4.jpg,28
20_5.jpg,28
20_6.jpg,28
20_7.jpg,28
20_8.jpg,28
20_9.jpg,28
20_10.jpg,28
20_11.jpg,28
20_12.jpg,28
20_13.jpg,28
20_14.jpg,28
20_15.jpg,28
46_1.jpg,29
46_2.jpg,29
46_3.jpg,29
46_4.jpg,29
46_5.jpg,29
46_6.jpg,29
46_7.jpg,29
46_8.jpg,29
46_9.jpg,29
46_10.jpg,29
46_11.jpg,29
46_12.jpg,29
46_13.jpg,29
46_14.jpg,29
46_15.jpg,29
90_1.jpg,30
90_2.jpg,30
90_3.jpg,30
90_4.jpg,30
90_5.jpg,30
90_6.jpg,30
90_7.jpg,30
90_8.jpg,30
90_9.jpg,30
90_10.jpg,30
90_11.jpg,30
90_12.jpg,30
90_13.jpg,30
90_14.jpg,30
90_15.jpg,30
61_1.jpg,31
61_2.jpg,31
61_3.jpg,31
61_4.jpg,31
61_5.jpg,31
61_6.jpg,31
61_7.jpg,31
61_8.jpg,31
61_9.jpg,31
61_10.jpg,31
61_11.jpg,31
61_12.jpg,31
61_13.jpg,31
61_14.jpg,31
61_15.jpg,31
71_1.jpg,32
71_2.jpg,32
71_3.jpg,32
71_4.jpg,32
71_5.jpg,32
71_6.jpg,32
71_7.jpg,32
71_8.jpg,32
71_9.jpg,32
71_10.jpg,32
71_11.jpg,32
71_12.jpg,32
71_13.jpg,32
71_14.jpg,32
71_15.jpg,32
38_1.jpg,33
38_2.jpg,33
38_3.jpg,33
38_4.jpg,33
38_5.jpg,33
38_6.jpg,33
38_7.jpg,33
38_8.jpg,33
38_9.jpg,33
38_10.jpg,33
38_11.jpg,33
38_12.jpg,33
38_13.jpg,33
38_14.jpg,33
38_15.jpg,33
96_1.jpg,34
96_2.jpg,34
96_3.jpg,34
96_4.jpg,34
96_5.jpg,34
96_6.jpg,34
96_7.jpg,34
96_8.jpg,34
96_9.jpg,34
96_10.jpg,34
96_11.jpg,34
96_12.jpg,34
96_13.jpg,34
96_14.jpg,34
96_15.jpg,34
84_1.jpg,35
84_2.jpg,35
84_3.jpg,35
84_4.jpg,35
84_5.jpg,35
84_6.jpg,35
84_7.jpg,35
84_8.jpg,35
84_9.jpg,35
84_10.jpg,35
84_11.jpg,35
84_12.jpg,35
84_13.jpg,35
84_14.jpg,35
84_15.jpg,35
19_1.jpg,36
19_2.jpg,36
19_3.jpg,36
19_4.jpg,36
19_5.jpg,36
19_6.jpg,36
19_7.jpg,36
19_8.jpg,36
19_9.jpg,36
19_10.jpg,36
19_11.jpg,36
19_12.jpg,36
19_13.jpg,36
19_14.jpg,36
19_15.jpg,36
22_1.jpg,37
22_2.jpg,37
22_3.jpg,37
22_4.jpg,37
22_5.jpg,37
22_6.jpg,37
22_7.jpg,37
22_8.jpg,37
22_9.jpg,37
22_10.jpg,37
22_11.jpg,37
22_12.jpg,37
22_13.jpg,37
22_14.jpg,37
22_15.jpg,37
47_1.jpg,38
47_2.jpg,38
47_3.jpg,38
47_4.jpg,38
47_5.jpg,38
47_6.jpg,38
47_7.jpg,38
47_8.jpg,38
47_9.jpg,38
47_10.jpg,38
47_11.jpg,38
47_12.jpg,38
47_13.jpg,38
47_14.jpg,38
47_15.jpg,38
82_1.jpg,39
82_2.jpg,39
82_3.jpg,39
82_4.jpg,39
82_5.jpg,39
82_6.jpg,39
82_7.jpg,39
82_8.jpg,39
82_9.jpg,39
82_10.jpg,39
82_11.jpg,39
82_12.jpg,39
82_13.jpg,39
82_14.jpg,39
82_15.jpg,39
68_1.jpg,40
68_2.jpg,40
68_3.jpg,40
68_4.jpg,40
68_5.jpg,40
68_6.jpg,40
68_7.jpg,40
68_8.jpg,40
68_9.jpg,40
68_10.jpg,40
68_11.jpg,40
68_12.jpg,40
68_13.jpg,40
68_14.jpg,40
68_15.jpg,40
76_1.jpg,41
76_2.jpg,41
76_3.jpg,41
76_4.jpg,41
76_5.jpg,41
76_6.jpg,41
76_7.jpg,41
76_8.jpg,41
76_9.jpg,41
76_10.jpg,41
76_11.jpg,41
76_12.jpg,41
76_13.jpg,41
76_14.jpg,41
76_15.jpg,41
13_1.jpg,42
13_2.jpg,42
13_3.jpg,42
13_4.jpg,42
13_5.jpg,42
13_6.jpg,42
13_7.jpg,42
13_8.jpg,42
13_9.jpg,42
13_10.jpg,42
13_11.jpg,42
13_12.jpg,42
13_13.jpg,42
13_14.jpg,42
13_15.jpg,42
26_1.jpg,43
26_2.jpg,43
26_3.jpg,43
26_4.jpg,43
26_5.jpg,43
26_6.jpg,43
26_7.jpg,43
26_8.jpg,43
26_9.jpg,43
26_10.jpg,43
26_11.jpg,43
26_12.jpg,43
26_13.jpg,43
26_14.jpg,43
26_15.jpg,43
2_1.jpg,44
2_2.jpg,44
2_3.jpg,44
2_4.jpg,44
2_5.jpg,44
2_6.jpg,44
2_7.jpg,44
2_8.jpg,44
2_9.jpg,44
2_10.jpg,44
2_11.jpg,44
2_12.jpg,44
2_13.jpg,44
2_14.jpg,44
2_15.jpg,44
45_1.jpg,45
45_2.jpg,45
45_3.jpg,45
45_4.jpg,45
45_5.jpg,45
45_6.jpg,45
45_7.jpg,45
45_8.jpg,45
45_9.jpg,45
45_10.jpg,45
45_11.jpg,45
45_12.jpg,45
45_13.jpg,45
45_14.jpg,45
45_15.jpg,45
100_1.jpg,46
100_2.jpg,46
100_3.jpg,46
100_4.jpg,46
100_5.jpg,46
100_6.jpg,46
100_7.jpg,46
100_8.jpg,46
100_9.jpg,46
100_10.jpg,46
100_11.jpg,46
100_12.jpg,46
100_13.jpg,46
100_14.jpg,46
100_15.jpg,46
52_1.jpg,47
52_2.jpg,47
52_3.jpg,47
52_4.jpg,47
52_5.jpg,47
52_6.jpg,47
52_7.jpg,47
52_8.jpg,47
52_9.jpg,47
52_10.jpg,47
52_11.jpg,47
52_12.jpg,47
52_13.jpg,47
52_14.jpg,47
52_15.jpg,47
87_1.jpg,48
87_2.jpg,48
87_3.jpg,48
87_4.jpg,48
87_5.jpg,48
87_6.jpg,48
87_7.jpg,48
87_8.jpg,48
87_9.jpg,48
87_10.jpg,48
87_11.jpg,48
87_12.jpg,48
87_13.jpg,48
87_14.jpg,48
87_15.jpg,48
48_1.jpg,49
48_2.jpg,49
48_3.jpg,49
48_4.jpg,49
48_5.jpg,49
48_6.jpg,49
48_7.jpg,49
48_8.jpg,49
48_9.jpg,49
48_10.jpg,49
48_11.jpg,49
48_12.jpg,49
48_13.jpg,49
48_14.jpg,49
48_15.jpg,49
23_1.jpg,50
23_2.jpg,50
23_3.jpg,50
23_4.jpg,50
23_5.jpg,50
23_6.jpg,50
23_7.jpg,50
23_8.jpg,50
23_9.jpg,50
23_10.jpg,50
23_11.jpg,50
23_12.jpg,50
23_13.jpg,50
23_14.jpg,50
23_15.jpg,50
