46_1.jpg,1
46_2.jpg,1
46_3.jpg,1
46_4.jpg,1
46_5.jpg,1
46_6.jpg,1
46_7.jpg,1
46_8.jpg,1
46_9.jpg,1
46_10.jpg,1
46_11.jpg,1
46_12.jpg,1
46_13.jpg,1
46_14.jpg,1
46_15.jpg,1
55_1.jpg,2
55_2.jpg,2
55_3.jpg,2
55_4.jpg,2
55_5.jpg,2
55_6.jpg,2
55_7.jpg,2
55_8.jpg,2
55_9.jpg,2
55_10.jpg,2
55_11.jpg,2
55_12.jpg,2
55_13.jpg,2
55_14.jpg,2
55_15.jpg,2
43_1.jpg,3
43_2.jpg,3
43_3.jpg,3
43_4.jpg,3
43_5.jpg,3
43_6.jpg,3
43_7.jpg,3
43_8.jpg,3
43_9.jpg,3
43_10.jpg,3
43_11.jpg,3
43_12.jpg,3
43_13.jpg,3
43_14.jpg,3
43_15.jpg,3
62_1.jpg,4
62_2.jpg,4
62_3.jpg,4
62_4.jpg,4
62_5.jpg,4
62_6.jpg,4
62_7.jpg,4
62_8.jpg,4
62_9.jpg,4
62_10.jpg,4
62_11.jpg,4
62_12.jpg,4
62_13.jpg,4
62_14.jpg,4
62_15.jpg,4
100_1.jpg,5
100_2.jpg,5
100_3.jpg,5
100_4.jpg,5
100_5.jpg,5
100_6.jpg,5
100_7.jpg,5
100_8.jpg,5
100_9.jpg,5
100_10.jpg,5
100_11.jpg,5
100_12.jpg,5
100_13.jpg,5
100_14.jpg,5
100_15.jpg,5
65_1.jpg,6
65_2.jpg,6
65_3.jpg,6
65_4.jpg,6
65_5.jpg,6
65_6.jpg,6
65_7.jpg,6
65_8.jpg,6
65_9.jpg,6
65_10.jpg,6
65_11.jpg,6
65_12.jpg,6
65_13.jpg,6
65_14.jpg,6
65_15.jpg,6
70_1.jpg,7
70_2.jpg,7
70_3.jpg,7
70_4.jpg,7
70_5.jpg,7
70_6.jpg,7
70_7.jpg,7
70_8.jpg,7
70_9.jpg,7
70_10.jpg,7
70_11.jpg,7
70_12.jpg,7
70_13.jpg,7
70_14.jpg,7
70_15.jpg,7
16_1.jpg,8
16_2.jpg,8
16_3.jpg,8
16_4.jpg,8
16_5.jpg,8
16_6.jpg,8
16_7.jpg,8
16_8.jpg,8
16_9.jpg,8
16_10.jpg,8
16_11.jpg,8
16_12.jpg,8
16_13.jpg,8
16_14.jpg,8
16_15.jpg,8
85_1.jpg,9
85_2.jpg,9
85_3.jpg,9
85_4.jpg,9
85_5.jpg,9
85_6.jpg,9
85_7.jpg,9
85_8.jpg,9
85_9.jpg,9
85_10.jpg,9
85_11.jpg,9
85_12.jpg,9
85_13.jpg,9
85_14.jpg,9
85_15.jpg,9
18_1.jpg,10
18_2.jpg,10
18_3.jpg,10
18_4.jpg,10
18_5.jpg,10
18_6.jpg,10
18_7.jpg,10
18_8.jpg,10
18_9.jpg,10
18_10.jpg,10
18_11.jpg,10
18_12.jpg,10
18_13.jpg,10
18_14.jpg,10
18_15.jpg,10
39_1.jpg,11
39_2.jpg,11
39_3.jpg,11
39_4.jpg,11
39_5.jpg,11
39_6.jpg,11
39_7.jpg,11
39_8.jpg,11
39_9.jpg,11
39_10.jpg,11
39_11.jpg,11
39_12.jpg,11
39_13.jpg,11
39_14.jpg,11
39_15.jpg,11
86_1.jpg,12
86_2.jpg,12
86_3.jpg,12
86_4.jpg,12
86_5.jpg,12
86_6.jpg,12
86_7.jpg,12
86_8.jpg,12
86_9.jpg,12
86_10.jpg,12
86_11.jpg,12
86_12.jpg,12
86_13.jpg,12
86_14.jpg,12
86_15.jpg,12
96_1.jpg,13
96_2.jpg,13
96_3.jpg,13
96_4.jpg,13
96_5.jpg,13
96_6.jpg,13
96_7.jpg,13
96_8.jpg,13
96_9.jpg,13
96_10.jpg,13
96_11.jpg,13
96_12.jpg,13
96_13.jpg,13
96_14.jpg,13
96_15.jpg,13
75_1.jpg,14
75_2.jpg,14
75_3.jpg,14
75_4.jpg,14
75_5.jpg,14
75_6.jpg,14
75_7.jpg,14
75_8.jpg,14
75_9.jpg,14
75_10.jpg,14
75_11.jpg,14
75_12.jpg,14
75_13.jpg,14
75_14.jpg,14
75_15.jpg,14
91_1.jpg,15
91_2.jpg,15
91_3.jpg,15
91_4.jpg,15
91_5.jpg,15
91_6.jpg,15
91_7.jpg,15
91_8.jpg,15
91_9.jpg,15
91_10.jpg,15
91_11.jpg,15
91_12.jpg,15
91_13.jpg,15
91_14.jpg,15
91_15.jpg,15
84_1.jpg,16
84_2.jpg,16
84_3.jpg,16
84_4.jpg,16
84_5.jpg,16
84_6.jpg,16
84_7.jpg,16
84_8.jpg,16
84_9.jpg,16
84_10.jpg,16
84_11.jpg,16
84_12.jpg,16
84_13.jpg,16
84_14.jpg,16
84_15.jpg,16
8_1.jpg,17
8_2.jpg,17
8_3.jpg,17
8_4.jpg,17
8_5.jpg,17
8_6.jpg,17
8_7.jpg,17
8_8.jpg,17
8_9.jpg,17
8_10.jpg,17
8_11.jpg,17
8_12.jpg,17
8_13.jpg,17
8_14.jpg,17
8_15.jpg,17
36_1.jpg,18
36_2.jpg,18
36_3.jpg,18
36_4.jpg,18
36_5.jpg,18
36_6.jpg,18
36_7.jpg,18
36_8.jpg,18
36_9.jpg,18
36_10.jpg,18
36_11.jpg,18
36_12.jpg,18
36_13.jpg,18
36_14.jpg,18
36_15.jpg,18
67_1.jpg,19
67_2.jpg,19
67_3.jpg,19
67_4.jpg,19
67_5.jpg,19
67_6.jpg,19
67_7.jpg,19
67_8.jpg,19
67_9.jpg,19
67_10.jpg,19
67_11.jpg,19
67_12.jpg,19
67_13.jpg,19
67_14.jpg,19
67_15.jpg,19
54_1.jpg,20
54_2.jpg,20
54_3.jpg,20
54_4.jpg,20
54_5.jpg,20
54_6.jpg,20
54_7.jpg,20
54_8.jpg,20
54_9.jpg,20
54_10.jpg,20
54_11.jpg,20
54_12.jpg,20
54_13.jpg,20
54_14.jpg,20
54_15.jpg,20
98_1.jpg,21
98_2.jpg,21
98_3.jpg,21
98_4.jpg,21
98_5.jpg,21
98_6.jpg,21
98_7.jpg,21
98_8.jpg,21
98_9.jpg,21
98_10.jpg,21
98_11.jpg,21
98_12.jpg,21
98_13.jpg,21
98_14.jpg,21
98_15.jpg,21
17_1.jpg,22
17_2.jpg,22
17_3.jpg,22
17_4.jpg,22
17_5.jpg,22
17_6.jpg,22
17_7.jpg,22
17_8.jpg,22
17_9.jpg,22
17_10.jpg,22
17_11.jpg,22
17_12.jpg,22
17_13.jpg,22
17_14.jpg,22
17_15.jpg,22
69_1.jpg,23
69_2.jpg,23
69_3.jpg,23
69_4.jpg,23
69_5.jpg,23
69_6.jpg,23
69_7.jpg,23
69_8.jpg,23
69_9.jpg,23
69_10.jpg,23
69_11.jpg,23
69_12.jpg,23
69_13.jpg,23
69_14.jpg,23
69_15.jpg,23
11_1.jpg,24
11_2.jpg,24
11_3.jpg,24
11_4.jpg,24
11_5.jpg,24
11_6.jpg,24
11_7.jpg,24
11_8.jpg,24
11_9.jpg,24
11_10.jpg,24
11_11.jpg,24
11_12.jpg,24
11_13.jpg,24
11_14.jpg,24
11_15.jpg,24
66_1.jpg,25
66_2.jpg,25
66_3.jpg,25
66_4.jpg,25
66_5.jpg,25
66_6.jpg,25
66_7.jpg,25
66_8.jpg,25
66_9.jpg,25
66_10.jpg,25
66_11.jpg,25
66_12.jpg,25
66_13.jpg,25
66_14.jpg,25
66_15.jpg,25
77_1.jpg,26
77_2.jpg,26
77_3.jpg,26
77_4.jpg,26
77_5.jpg,26
77_6.jpg,26
77_7.jpg,26
77_8.jpg,26
77_9.jpg,26
77_10.jpg,26
77_11.jpg,26
77_12.jpg,26
77_13.jpg,26
77_14.jpg,26
77_15.jpg,26
56_1.jpg,27
56_2.jpg,27
56_3.jpg,27
56_4.jpg,27
56_5.jpg,27
56_6.jpg,27
56_7.jpg,27
56_8.jpg,27
56_9.jpg,27
56_10.jpg,27
56_11.jpg,27
56_12.jpg,27
56_13.jpg,27
56_14.jpg,27
56_15.jpg,27
93_1.jpg,28
93_2.jpg,28
93_3.jpg,28
93_4.jpg,28
93_5.jpg,28
93_6.jpg,28
93_7.jpg,28
93_8.jpg,28
93_9.jpg,28
93_10.jpg,28
93_11.jpg,28
93_12.jpg,28
93_13.jpg,28
93_14.jpg,28
93_15.jpg,28
2_1.jpg,29
2_2.jpg,29
2_3.jpg,29
2_4.jpg,29
2_5.jpg,29
2_6.jpg,29
2_7.jpg,29
2_8.jpg,29
2_9.jpg,29
2_10.jpg,29
2_11.jpg,29
2_12.jpg,29
2_13.jpg,29
2_14.jpg,29
2_15.jpg,29
12_1.jpg,30
12_2.jpg,30
12_3.jpg,30
12_4.jpg,30
12_5.jpg,30
12_6.jpg,30
12_7.jpg,30
12_8.jpg,30
12_9.jpg,30
12_10.jpg,30
12_11.jpg,30
12_12.jpg,30
12_13.jpg,30
12_14.jpg,30
12_15.jpg,30
5_1.jpg,31
5_2.jpg,31
5_3.jpg,31
5_4.jpg,31
5_5.jpg,31
5_6.jpg,31
5_7.jpg,31
5_8.jpg,31
5_9.jpg,31
5_10.jpg,31
5_11.jpg,31
5_12.jpg,31
5_13.jpg,31
5_14.jpg,31
5_15.jpg,31
24_1.jpg,32
24_2.jpg,32
24_3.jpg,32
24_4.jpg,32
24_5.jpg,32
24_6.jpg,32
24_7.jpg,32
24_8.jpg,32
24_9.jpg,32
24_10.jpg,32
24_11.jpg,32
24_12.jpg,32
24_13.jpg,32
24_14.jpg,32
24_15.jpg,32
71_1.jpg,33
71_2.jpg,33
71_3.jpg,33
71_4.jpg,33
71_5.jpg,33
71_6.jpg,33
71_7.jpg,33
71_8.jpg,33
71_9.jpg,33
71_10.jpg,33
71_11.jpg,33
71_12.jpg,33
71_13.jpg,33
71_14.jpg,33
71_15.jpg,33
15_1.jpg,34
15_2.jpg,34
15_3.jpg,34
15_4.jpg,34
15_5.jpg,34
15_6.jpg,34
15_7.jpg,34
15_8.jpg,34
15_9.jpg,34
15_10.jpg,34
15_11.jpg,34
15_12.jpg,34
15_13.jpg,34
15_14.jpg,34
15_15.jpg,34
59_1.jpg,35
59_2.jpg,35
59_3.jpg,35
59_4.jpg,35
59_5.jpg,35
59_6.jpg,35
59_7.jpg,35
59_8.jpg,35
59_9.jpg,35
59_10.jpg,35
59_11.jpg,35
59_12.jpg,35
59_13.jpg,35
59_14.jpg,35
59_15.jpg,35
52_1.jpg,36
52_2.jpg,36
52_3.jpg,36
52_4.jpg,36
52_5.jpg,36
52_6.jpg,36
52_7.jpg,36
52_8.jpg,36
52_9.jpg,36
52_10.jpg,36
52_11.jpg,36
52_12.jpg,36
52_13.jpg,36
52_14.jpg,36
52_15.jpg,36
94_1.jpg,37
94_2.jpg,37
94_3.jpg,37
94_4.jpg,37
94_5.jpg,37
94_6.jpg,37
94_7.jpg,37
94_8.jpg,37
94_9.jpg,37
94_10.jpg,37
94_11.jpg,37
94_12.jpg,37
94_13.jpg,37
94_14.jpg,37
94_15.jpg,37
45_1.jpg,38
45_2.jpg,38
45_3.jpg,38
45_4.jpg,38
45_5.jpg,38
45_6.jpg,38
45_7.jpg,38
45_8.jpg,38
45_9.jpg,38
45_10.jpg,38
45_11.jpg,38
45_12.jpg,38
45_13.jpg,38
45_14.jpg,38
45_15.jpg,38
29_1.jpg,39
29_2.jpg,39
29_3.jpg,39
29_4.jpg,39
29_5.jpg,39
29_6.jpg,39
29_7.jpg,39
29_8.jpg,39
29_9.jpg,39
29_10.jpg,39
29_11.jpg,39
29_12.jpg,39
29_13.jpg,39
29_14.jpg,39
29_15.jpg,39
3_1.jpg,40
3_2.jpg,40
3_3.jpg,40
3_4.jpg,40
3_5.jpg,40
3_6.jpg,40
3_7.jpg,40
3_8.jpg,40
3_9.jpg,40
3_10.jpg,40
3_11.jpg,40
3_12.jpg,40
3_13.jpg,40
3_14.jpg,40
3_15.jpg,40
21_1.jpg,41
21_2.jpg,41
21_3.jpg,41
21_4.jpg,41
21_5.jpg,41
21_6.jpg,41
21_7.jpg,41
21_8.jpg,41
21_9.jpg,41
21_10.jpg,41
21_11.jpg,41
21_12.jpg,41
21_13.jpg,41
21_14.jpg,41
21_15.jpg,41
4_1.jpg,42
4_2.jpg,42
4_3.jpg,42
4_4.jpg,42
4_5.jpg,42
4_6.jpg,42
4_7.jpg,42
4_8.jpg,42
4_9.jpg,42
4_10.jpg,42
4_11.jpg,42
4_12.jpg,42
4_13.jpg,42
4_14.jpg,42
4_15.jpg,42
42_1.jpg,43
42_2.jpg,43
42_3.jpg,43
42_4.jpg,43
42_5.jpg,43
42_6.jpg,43
42_7.jpg,43
42_8.jpg,43
42_9.jpg,43
42_10.jpg,43
42_11.jpg,43
42_12.jpg,43
42_13.jpg,43
42_14.jpg,43
42_15.jpg,43
60_1.jpg,44
60_2.jpg,44
60_3.jpg,44
60_4.jpg,44
60_5.jpg,44
60_6.jpg,44
60_7.jpg,44
60_8.jpg,44
60_9.jpg,44
60_10.jpg,44
60_11.jpg,44
60_12.jpg,44
60_13.jpg,44
60_14.jpg,44
60_15.jpg,44
31_1.jpg,45
31_2.jpg,45
31_3.jpg,45
31_4.jpg,45
31_5.jpg,45
31_6.jpg,45
31_7.jpg,45
31_8.jpg,45
31_9.jpg,45
31_10.jpg,45
31_11.jpg,45
31_12.jpg,45
31_13.jpg,45
31_14.jpg,45
31_15.jpg,45
19_1.jpg,46
19_2.jpg,46
19_3.jpg,46
19_4.jpg,46
19_5.jpg,46
19_6.jpg,46
19_7.jpg,46
19_8.jpg,46
19_9.jpg,46
19_10.jpg,46
19_11.jpg,46
19_12.jpg,46
19_13.jpg,46
19_14.jpg,46
19_15.jpg,46
7_1.jpg,47
7_2.jpg,47
7_3.jpg,47
7_4.jpg,47
7_5.jpg,47
7_6.jpg,47
7_7.jpg,47
7_8.jpg,47
7_9.jpg,47
7_10.jpg,47
7_11.jpg,47
7_12.jpg,47
7_13.jpg,47
7_14.jpg,47
7_15.jpg,47
13_1.jpg,48
13_2.jpg,48
13_3.jpg,48
13_4.jpg,48
13_5.jpg,48
13_6.jpg,48
13_7.jpg,48
13_8.jpg,48
13_9.jpg,48
13_10.jpg,48
13_11.jpg,48
13_12.jpg,48
13_13.jpg,48
13_14.jpg,48
13_15.jpg,48
95_1.jpg,49
95_2.jpg,49
95_3.jpg,49
95_4.jpg,49
95_5.jpg,49
95_6.jpg,49
95_7.jpg,49
95_8.jpg,49
95_9.jpg,49
95_10.jpg,49
95_11.jpg,49
95_12.jpg,49
95_13.jpg,49
95_14.jpg,49
95_15.jpg,49
49_1.jpg,50
49_2.jpg,50
49_3.jpg,50
49_4.jpg,50
49_5.jpg,50
49_6.jpg,50
49_7.jpg,50
49_8.jpg,50
49_9.jpg,50
49_10.jpg,50
49_11.jpg,50
49_12.jpg,50
49_13.jpg,50
49_14.jpg,50
49_15.jpg,50
